Entry	Reviewed	Entry Name	Protein names	Gene Names	Organism	Length	Gene Names (ordered locus)	Gene Names (ORF)	Gene Names (primary)	Sequence	Gene Ontology (biological process)	Gene Ontology (cellular component)	Gene Ontology (molecular function)	Intramembrane	Subcellular location [CC]	Transmembrane	Propeptide	Signal peptide	Transit peptide
A0A0C5K147	unreviewed	A0A0C5K147_9VIRU	Uncharacterized protein		ANMV-1 virus	74				MLNEVRARHIKKLVVEQIAPDSSIGGIIGFEITRREHTINGLEAQKEREQDEIIYLRSLDAKELNREAKENRDG									
A0A0C5K153	unreviewed	A0A0C5K153_9VIRU	Uncharacterized protein		ANMV-1 virus	1166				MKPDEDNCWYNGRHEFCRETYPGRYEWCSAEYHRCVECTDDAHCPPERPWCDWDRECEECLVSAHCPTGESCLMRNGRWVCRRKDCVDHIEEGDYNYCANNFKDTPFCDTDKRTCVECIHPSDCEGARETCLNSVCVNESEMDCMQQIEAGFLNYCIISSPERPVCHTRLRECVECQFDNECKEIDEMGKRTHTCVGTKCVPKEWECEGPEDCISDDYKCVKHECIKKNCSDYDDPDNFCEEKRGNLGWRCFNKECVRCIDDEDCHNVNKKCVHYKCVNANKKDECVEPDYPRQFCLREYGEGWYCKDGRCLYQEPEKEKPEDCRDYVSTIDADVYCRSYDASTPHCDFNTGRCHECNHDQHCPAFWECKSHLCQECSVDEDCDLSYRCTGAPNWSCVKKTCEDAEDPDNFCRDEYGSGYKCREGLCMLDTCDGIDSGCPKGYYCPERECVWGCRDNGNCPEAKPYCSAEGSCVECIGTPHCDYGYRCIDYECVKQETCMGQDNLCPKNEYCNVDHCEEGCRDNRNCAEDTPHCSQNTGKCEECVFDKHCDDGYDCENYGCVWVGFDCSGDSDCPLNWFCHDRRFCVFGCDGSDANCAEGTPHCSQKTGLCEECWSDIHCEWWQECDDNYRCVARKDNAECTPGDKKHGKRCRDGIWIDVECKRPEDCLGHEYCDDGLCRDRQRGCEANSECTIGYYCDIGGKDICLKQVCRGHEDCPPGQGCNYIELGWKERDNAKTSCISWREFYCSDKDLCPEGWLCDRGSGMCVEAICDEDRPCQDDRYVCEDNLCVPRRCEDRVDPTGYCMEEKGWYGRCLEGICTVLDCDFYPDPDLMCQETEGENWRCVEKRCIDFGAGGGGNPKKYCSELLGIDEAYWDFEKRSCEVPDCNTVADPVKLCAQLKNPSYTCRDGKCRHGREGEECERREECISGLRCAGGLCMGKECIRWQDCNDPEKWCNHGVCEPLRTECVSQSDCRDDYHCDAGGQCVPNDCDDHYDCGEGECCDDSKMCIRCETMACWYNFHCRQGWHCNLEINKCRRVGCTRDSECEEGYYCDLDDGICRKIEVGEGCFDNSDCPEGQVCKGVQGTKWVQGSGESFWERRLGSIQRKQPGICVDKQVEVITIKGIDDERTCDYCRDMWTKVFVEGTAKLPPYHEHCRCYGVYAD									
A0A0C5K157	unreviewed	A0A0C5K157_9VIRU	Phage terminase large subunit		ANMV-1 virus	473				MILEIKSPQGTYKLDFFTFAKKVLGYTLLEKEIHQPWCRELDKRSPRMLTLEPRHTYKTTVYMKAYPIWRLFENTNLRILLASAVSENVQNFLSEISGHYLRNDRLIELYQAKYNKRPLSPLAEKKKKITLSTRTVNHAEPSIAVIGALGNIVSAHYDLIIVDDLCNEEDRESPTIRGKKQRWFQDLFSVLSPHGEMILVGTRWHFDDVYGYITEKLNPALPPDFKFKTRIESCYLKDGRTPRFPKILSAERLAALKIEKGPLLFACNYLNRPMSEEAQIFHLEDMVTMSKKDVDLTKVQAIGFCDPSKGASDYSCIVTLLLLSDNSWLVFSCYQSIAPHSKLIRQIVKNHAFFKYQVIGIEANEIKAKSDKITSPFEHVLKEQQEEEKVIVPYKLFWHTTPKPARIKSIEPYFVNGQLKFLDSWNRDYPALIEQLVQFPLAAHDDGPDTLAGVIEAVLDRPKEQPVLIPRAQ									
A0A0C5K163	unreviewed	A0A0C5K163_9VIRU	Uncharacterized protein		ANMV-1 virus	141				MIPEYLNKVNSDKKVLECAEIFRACHPTHAQRLWLVGFLKFCGYNMPEVLDIIREHAQWGDYNERVTAYQVGTIFHQRPQRTQSSVTRKVRKWDLSPVEVLRIRRQKSISLSKLLCEEHPIEVAHPERLGNFNSWAQFLQK									
A0A0C5K168	unreviewed	A0A0C5K168_9VIRU	Uncharacterized protein		ANMV-1 virus	37				MSPMENGGRHEVQSGKRRNGFVETEEWLQELYPGERR									
A0A0C5K174	unreviewed	A0A0C5K174_9VIRU	Uncharacterized protein		ANMV-1 virus	108				MVILVSSLFTFFFHFDLSRGSAFREPCHGRKRNMKSCCDFIIFQTLNIEFVYPTFFLGFCSCNYFPIYFYIKHFFFISFLFLVNWLNPPFFLLLFSYPKAIRIFISLM		membrane [GO:0016020]				TRANSMEM 40..60; /note="Helical"; /evidence="ECO:0000256|SAM:Phobius"; TRANSMEM 67..86; /note="Helical"; /evidence="ECO:0000256|SAM:Phobius"			
A0A0C5K181	unreviewed	A0A0C5K181_9VIRU	Uncharacterized protein		ANMV-1 virus	78				MHFLKGGNWDSGCTGFTKWEVQWEHEPLWIDYMEGLPDRWVSIIMGQTGWIPKIVFKSNAKKKVRILAHLFGTDLPNR									
A0A0C5K187	unreviewed	A0A0C5K187_9VIRU	Uncharacterized protein		ANMV-1 virus	57				MLMKHIVSVLDLIEWSETMPARITEALVDEKIGDTINYMILLESLLLRRLKRREPEK									
A0A0C5K194	unreviewed	A0A0C5K194_9VIRU	Resolvase/invertase-type recombinase catalytic domain-containing protein		ANMV-1 virus	124				MQRKDELLADSRLKKLGILPKIYHFDVVIEPFRGITIADAQRSWNDVRMSIEDILSTSLLAIRHERSTMMLKELHERGIYGVAICELRDQHNRQRGRTIAKGRLWKHLKLRYHLAKKDKGAIAK									
A0A0C5K199	unreviewed	A0A0C5K199_9VIRU	CopG family transcriptional regulator		ANMV-1 virus	53				MEEEKEGEKIVRIKVKLKTREKLIKMGKKGESYDDVITWMLGDLDPREEAPDI									
A0A0C5K1A2	unreviewed	A0A0C5K1A2_9VIRU	Prohead protease		ANMV-1 virus	439				MAGNEEDRDLDALALELRNDEYPLPEDKENKKQISYKNVDVTITFKKEEKKDAKTDEKRILFTDSGFELGALLFDEARGILRVPIVLAKEMVYDYDDYAAFRPSAELEAIAPYLKGVPVTRSHPEGTIVTDRKEVLGWAVDAEFEDDELRAVLEIVDKDLIADIQEGKLKGVSPGHFSRIDKTASGDYEGTHFDVTQRDIFIDHIAIVEEGRCSVADGCGIVRHSELKDNKKMEGDEEEIMEPKVVEKKVEAAIVVAENIEEKAEEEEKVLKEIVELKEEVPSAVLTKVKKAIGIAEKIGEEAKEKLVENLEKVKEAVTGPKEEKNEEGEKEEEKGDAGAEAVTDAVVKKLKEERDDLKVALDEIVEVEKEKLVDELSTLQDVKTERELKKMSLDALKGDLELVKALRGSKFTVDDDDGGEDSGAISKAYKGVGKGGKE	proteolysis [GO:0006508]		peptidase activity [GO:0008233]						
A0A0C5K1A9	unreviewed	A0A0C5K1A9_9VIRU	Uncharacterized protein		ANMV-1 virus	116				MVNMRNADGKLEPKPYNVKDSLISCLLHPTLKLTGRELLLRGKLATRIEETEIIKGNGHILVEEAEYRKLRQAFETIEGFTKSDMELVKRVLEAEEIEVEESEAKGKKTVKGRGGR									
A0A0C5K1B3	unreviewed	A0A0C5K1B3_9VIRU	DGR target protein adtA		ANMV-1 virus	446				MTEDLSLSGLRDRFNQLNDLSVNFVEFPRKVTSGFGAAGAYFDKGFRDDVLIGGSWLAKYPMSRLDATPKSQGTSSIPVSQPRVPAWTEVNWQEALEACRLMNRSDEEALTKAYVSGGGVDALGADMNGYHYVLIDTDAHFLELAVGNHIELSHALSAAEAAAMNTNNYDNAIHTNTTSAPTVRLGSSNQWVEGDTIIYERKAAKFDQENKKIFFTVALPTNALGVADITSKAGDTVSIRKYDLAGLEEWGTLKLECAMQAKAASPFGANGYPKGNNSYGRDTGDADEWQYYGDNDPTYTIAGHEIYKVLCGSGPDSWYHNNTRKTGVWCYNGNVYDWINAKTYDRKIQAGYPGEGHTFPAADNFIATIEAAAALCGAKDLALPITQAGAGVAEFGGDYAYLNYAGDRAFLVGGYYGYTDSAGVFSTNISNTPAVTNVVIGFRATL									
A0A0C5K1B7	unreviewed	A0A0C5K1B7_9VIRU	Uncharacterized protein		ANMV-1 virus	128				MAALTDYNRVSHRQGISTEDIDSSDIEEFIEDAQALIEGETGQTYVSGDSLFNLARAACTDLAAAYVLIRVLGGKYSGLEFHEEEMDIGSQQNTKIQLINKYLARTNQAMKVLNRGRTSVLPLSTTPL									
A0A0C5K836	unreviewed	A0A0C5K836_9VIRU	Uncharacterized protein		ANMV-1 virus	74				MTKLEKREDAKMRIRTQLKAKVRAHRPAEKVIEIAIALAEERLEAETERLDELKWQFEYLGTLKPEEIEQEKKS									
A0A0C5K839	unreviewed	A0A0C5K839_9VIRU	Uncharacterized protein		ANMV-1 virus	42				MPRLYMIDDIRYNYTDDFPPWITYEQRERVREWFNSKKCYFK									
A0A0C5K842	unreviewed	A0A0C5K842_9VIRU	TATA-box binding protein		ANMV-1 virus	197				MAPVERPVVNITNIVTRSRIRSPFDLTLLKRSVPFDSTKYSLSRIPIVRGRTKFSIFRSGSVISRASSSIIELEENLLKLQEYLTGFELELDLEYTITNIVAYSKLHLQPLNLLTLANLLPTSSYDPDASISEHERPGCNVIVHALTDCKPRKTILIFSSTAITLTGFRSIQDIRNQAYQFRNRLMDIIAQHPEVTK	DNA-templated transcription initiation [GO:0006352]		DNA binding [GO:0003677]						
A0A0C5K847	unreviewed	A0A0C5K847_9VIRU	SWIM-type domain-containing protein		ANMV-1 virus	70				MKMRWPERYWTIFSASELGVSYKITLCSDGSFICNCPDFAYRGIQCKHIKKVKMLLAGEKQKNKLPGVEE			zinc ion binding [GO:0008270]						
A0A0C5K849	unreviewed	A0A0C5K849_9VIRU	Uncharacterized protein		ANMV-1 virus	142				MSTYVVDDETINKVVSYMNASANGPDANTPWDASKLAKMGFNVASSVDCPRLAHAMFDMNVAAVNARYGEEEGEDFPLHSFKFYFVPAPLIEVIKALETWLYQCLEGEMPKLRLYQAMREIHCWLCIEAVHRSDEYEAVSWG									
A0A0C5K854	unreviewed	A0A0C5K854_9VIRU	Uncharacterized protein		ANMV-1 virus	45				MIEAEGRAWWRNKALRSQANQSKGLSVIPRSGKGHYTIHHSHTSG									
A0A0C5K857	unreviewed	A0A0C5K857_9VIRU	Uncharacterized protein		ANMV-1 virus	139				MGRPRELEDAKMVPVILDQETRKIVEMRRGDGGTSRYIRKLIREQDPKASRQGEAKTLVSRKDLRAMEVELENYRRKEQETTKEQEEVLKYIAQGFEMYKQNNKRADDPEARRNWVEARCKSSGVSPAEFLSFHKRGEF									
A0A0C5K862	unreviewed	A0A0C5K862_9VIRU	Uncharacterized protein		ANMV-1 virus	131				MGERYYKWEDALIIKYYPTAAREKMLEHVPTRTWSQIGLRARALGIHRTTKAWGDSIREGRKGLRGTWDDVDNERLDYMYPTATRAQLRVAFPSRTWLSLQSHAQKRHIHRTREAVGRQISIGRRDGRKNE									
A0A0C5K865	unreviewed	A0A0C5K865_9VIRU	Uncharacterized protein		ANMV-1 virus	179				MKISPDKKSVSVECCSEEAFLAEKSGAKSNAICVLDTSEYRQLFATCATKTPEHIVIQYKKEVILQHLTDVRKAGELCGNYIVVFSWQAKGRHDHTHLDEQGRDYLAHTMSLEPLLAAGISPATEQPSLDRNYVAIGVSKQMFKMLQNEFPDRTMNSVVQELYETYLHKRAEEGGQSHG									
A0A0C5K869	unreviewed	A0A0C5K869_9VIRU	Anaerobic ribonucleoside triphosphate reductase		ANMV-1 virus	144				MKKRDRVDRLTRQAHDLKIGGSIPSPCYKMNLEDLKADLEKGDMIYRGTCHDCGIPVESKAIVREDGAIVVSGGSVYKIQQGVEGDRYFFKCPKCFNLDRTLRNYQTCEMYSRIVGYLRPVNQWNKGKLQEFKMRKEFTNTKGS	DNA replication [GO:0006260]		ribonucleoside-triphosphate reductase activity [GO:0008998]						
A0A0C5K873	unreviewed	A0A0C5K873_9VIRU	Major capsid protein		ANMV-1 virus	297				MIRNDAAVLQHFVKAWEKVIPEWVDEHKQNLTARNILHRRDVDASVTIDVVEKYDKTGPGAQITAKGAVPKTFGIKTTSENFTIHQIATGFNINVKDLKASPNAKARLVEIALAEIHEKEDDICLNGDTAHNITGIVDAAQANANGKIVASGASGDDINNKGKWAGETGTDIYTDVADAISFLDSKYKPSFLVGNSKDIRYLYHKDSERNPYYADMGILFNKKNPNDLSWIWSSDYITRGKVYIVAKDTMAADFVVSEDPGIVSYALAPGQNYPIEVYSWSQTEIYADEAFVEIAIT									
A0A0C5K877	unreviewed	A0A0C5K877_9VIRU	Capsid tail fiber		ANMV-1 virus	193				MLIVHEKGESNFAGPGGVTVAHNFNFSGYIPDIIEIADSGAIGEVWITDIAVNSFVVRNSGSGISAFEWSIHVAIEYTTAALVRQSSKWLSPDLTNADIEEYISQAEGVIDSVMKKTGRGLGSDYTFDPQVQGVVRDAATSLALFNCIRYDPGCFPLLEQAEMAENLAYYSALRALTLLANIRIVDHVVKLGS									
A0A0C5K882	unreviewed	A0A0C5K882_9VIRU	Reverse transcriptase		ANMV-1 virus	352				MNAQQDNPTAKMETYKHLYTQICTKENICKAYRKARLGKRKKFYVRKFESDVDANIEQLHQQLRDESWTPLPYKQFTAYEPKERLIRAPQFPDRIVHHALIRMLEPIYNKILIYDTYASRKNKGTHATVDRLTRFLRRDNDNVFVFHGDVRKFFDNIDHETLIKILRKKIVDERVITLIKKILTNQGISLGVTLGNYTSQWFANIYLSELDYFAKHNLKVKHYIRYMDDFLLLSDSKPELHRWKHQIEKFLNERLKLELHPVKRQIFPTNIGIDFVGYTIWKDHKKLRRRDVNRFISRLNEFDKLPVMTPFAEASLMSWKGYSIHADAFGLTKQLHKSHPAMQVSTLDRYIN			RNA-directed DNA polymerase activity [GO:0003964]						
A0A0C5K885	unreviewed	A0A0C5K885_9VIRU	Phage head morphogenesis domain-containing protein		ANMV-1 virus	166				MKRYYGSAVFEGKEVTDRDFDKLTKLRVYEADQIASTFHEFLNKERHIIRSITQEVESVQREGSSLGSTIRQYRSDQEHNLNWLADELDSVQQEVASGISRTIAASYTLPVYMLRCAKGACELCRAKYGTIGTYRELMRQDCIPPFHDSCRCWLEEIGYVVMSGRS									
A0A0C5KAF6	unreviewed	A0A0C5KAF6_9VIRU	MutT-like phage hydrolase		ANMV-1 virus	426				MRKRFFRDSIEKYIFPWLTPHPVNTSSDVGDFQVTISDEDYKQVATRNQVGFNIIYTVAQDAVMGGFSCVDEEGKLLVDFDKKVQTIYEKEIEQQLLIAFARARLYGSAGILIGFGGSRNLSLKCIYGTRIDYLYALPEKLIASRNAKTNDQGETEFPLELASYDLNSYKNGKIDGSRLVHIQPFTIEDDFDGTPTLEDIYDLLTVLKNADWSLGQNIFRHSSGLTFIIPGDGSSQTQIDTISDVVSNINAKSIVTLIPGCNVASAPASALSPAQHYDVLMGQISAGCNIPVSILTGAQSGQGVSENDRRDYADFLSGVQKSCLTPALRQILDLYQESKQLPKQEFNIKWNLRSIFMIEEARAKLYDARTDVEKVKAKEVEARASLYRARATYWRDLSAREKEKFEIEEEDRLLEEGKKEEEEGSD			hydrolase activity [GO:0016787]						
A0A0C5KAG5	unreviewed	A0A0C5KAG5_9VIRU	Uncharacterized protein		ANMV-1 virus	49				MGLIIDWLGCTPEAACIEYSLGTLLFFGWFFTMKFLGYYYDRRNEEDNI		membrane [GO:0016020]				TRANSMEM 20..40; /note="Helical"; /evidence="ECO:0000256|SAM:Phobius"			
A0A0C5KAH2	unreviewed	A0A0C5KAH2_9VIRU	Uncharacterized protein		ANMV-1 virus	75				MPFTHGAIGANNADEVAHHLVPFTHGAIGANNADEVAHHLVPFTHGAIGANNADEVAHHLVPFTHGAIGAISTSD									
A0A0C5KAI0	unreviewed	A0A0C5KAI0_9VIRU	Uncharacterized protein		ANMV-1 virus	68				MEEKSFRDEADQYVDFLKKKIEKCSKHEAVHILLEDVRYLYWSAIDWRSSYKSNVAKSKGKKEEENDE									
A0A0C5KAI8	unreviewed	A0A0C5KAI8_9VIRU	Uncharacterized protein		ANMV-1 virus	180				MGGDLDVLDDDPFDEEEGEDLITEGMVKKATYLIHKLANRRGADYKEIRKKCKKLLGYENLAEVSMEQGHAIIDKLIELTGGEEEEKERPGVPQGPQLPTKPDDGRIKKDDLSPPADLETELERELGKLAEMLQICVHNSKTIFKNEFGDENITEGNRAMLVKSFAATIFIEAGKRGLGR									
A0A0C5KAJ5	unreviewed	A0A0C5KAJ5_9VIRU	Uncharacterized protein		ANMV-1 virus	43				MHCCTHRVRDYQDDLNMHSATAAQLETLRLFKFPTGALKFHDG									
A0A0C5KAK2	unreviewed	A0A0C5KAK2_9VIRU	IrrE N-terminal-like domain-containing protein		ANMV-1 virus	177				MIKNQIYITKQLQSRLSLDRRYDLDRKLRAVIKLFPELDAERIEVGLTTATFTHAAAKTNLEDRIKIVYNPLYPITYFTLGHELTHFVQHLDEEETGIKIPYGEVQCDVWTLARDELFLDAQPFYLRLPKRICDDWRRYSKQVRELCIKAIEVRKTKRQYLRWLERELLKLAPLVKR									
A0A0C5KAL0	unreviewed	A0A0C5KAL0_9VIRU	Uncharacterized protein		ANMV-1 virus	71				MTEEKRNPVVNIAQLEEAFGVDLAEFKVGGTYSLLKLLDKLKLGNGTPKLHRGRPQKENIFEKEIAKAEEA									
A0A0C5KAL8	unreviewed	A0A0C5KAL8_9VIRU	Uncharacterized protein		ANMV-1 virus	52				MNWHYYVCNFCNETLRTPIDNPSKHLVCASCDNSNFREITKKEYDDARKSEK									
A0A0C5KAM4	unreviewed	A0A0C5KAM4_9VIRU	Agglutinin C-terminal domain-containing protein		ANMV-1 virus	137				MMIGFTARRPRVASLCRLVGRQCHCSRRCVYLLDEHFDFPTDEDINDFISWVRPTQFNWVHEIHDCDDLAFEFRVKAKTWFRARGLNIAIGTLARQATSLQKAHAFNFFIRKSDHKLIFIDKFERVPIAGRAYLVIL									
A0A0C5KAN0	unreviewed	A0A0C5KAN0_9VIRU	Uncharacterized protein		ANMV-1 virus	151				MAQLVPAPGKLGASGKGVIGTDLLQDEAVTPAKQSTTSKLKRAHSNIVNVASANAAVAILYTSTAITVTAVKIYRITATVGDNCTIDVGINGNDDAIVEAAALAAGLIDTIVNATIKLATVEADKMVTASIHHVAGTSGTAVIAIEYYENG									
A0A0C5KAN6	unreviewed	A0A0C5KAN6_9VIRU	Capsid tail fiber		ANMV-1 virus	75				MTIVHEKGESNFAGPGGVTIAHNFDYSDYIPDVIPSVDTAGAMGAIWITDIAVNSFVVRNSGSGISAFMWSIHKR									
A0A0C5KAP2	unreviewed	A0A0C5KAP2_9VIRU	Uncharacterized protein		ANMV-1 virus	98				MSENYHHFSDFAKTHPRFDGKKMKIVEILNKEILVTGFRIGKSKYRGQNYLTLQFKLEGEKYIVFVGSKPLIAQAEEGADEMPYRTTIIQIANYYIMT									
A0A0C5KAR3	unreviewed	A0A0C5KAR3_9VIRU	Uncharacterized protein		ANMV-1 virus	62				MSVYRLNLVPGEEARRPEWNLILVSDIAVTVDFFHTDMLEKVISIKKVDTPTEIQKSGDKEG									
A0A0C5KAR9	unreviewed	A0A0C5KAR9_9VIRU	Uncharacterized protein		ANMV-1 virus	94				MERDTKKVKKEGDTCRDCWTKRFRTDIYKQWRIEKGDITLAAFLKRELESRELEIKNMREEFADLYDEVGAIQDLAGDVFLSRFNEEDDDDQSA									
A0A0C5KAS6	unreviewed	A0A0C5KAS6_9VIRU	Terminase small subunit		ANMV-1 virus	153				MTRAGVPEATKQAMWKAYKKHQTAFYVARVANVSPHTAAKYIHSGKFSIRFSKLKVKASAIADDAQADALADDLITLGNIKTLLTDKILTSLKKGTLKPSITELDRVVRLIAFIRGEPDQRSEELYDFSWIEELEAVEGEREREEQKALESDT									
A0A0C5KAT2	unreviewed	A0A0C5KAT2_9VIRU	Uncharacterized protein		ANMV-1 virus	39				MRNRHTNINCRGLHKLKKEMKVRSGSFTLVNLTTREIVR									
A0A0C5KAT8	unreviewed	A0A0C5KAT8_9VIRU	Uncharacterized protein		ANMV-1 virus	38				MAPNRDGFPIMINFLIGHIFFSTMSDEPFSIHYAGYGF									
A0A0C5KAU3	unreviewed	A0A0C5KAU3_9VIRU	Uncharacterized protein		ANMV-1 virus	131				MKKKDFIARYGEVAYEKLLEQRSQWWRDHPDKMREHNEELVRKGGKYYKQVRSYQSTGIPGERHKIRAKHGGRWRKYKRIIAPNSVIHHSWRAGSAEYDGVALVEKDAHQHGIIDVIQILDGKITLFTEKK									
A0A0C5KAU7	unreviewed	A0A0C5KAU7_9VIRU	Uncharacterized protein		ANMV-1 virus	65				MTFSENVDEIVALIMAVAGVAVLMAGSYAIFILGNEIEVEELLLISGALIGPSTGYLFGKSVPKR		membrane [GO:0016020]				TRANSMEM 12..30; /note="Helical"; /evidence="ECO:0000256|SAM:Phobius"			
A0A0C5KAV1	unreviewed	A0A0C5KAV1_9VIRU	Uncharacterized protein		ANMV-1 virus	59				MNEKHADNRSCEQKAKDRAILMKLANEQTLTEGEDDRLDELVGIAAVNLGLKVKLKRQK									
A0A0C5KAV5	unreviewed	A0A0C5KAV5_9VIRU	Crossover junction endodeoxyribonuclease		ANMV-1 virus	223				MDNNYYIGIDPGLSGGFAAVVDNRILYKMAMPTISFKTPEDKTKTEIDREGVLSILKLCPVHTHVVIEKQEAFRGQDIVSSCTICKNYGILLTALTVAHTYITEEPPKVWQAHFGIVSVKESGGQSTKEQAFHVAQRLYPDASFMKSERSRVVHDGIVDATLIAAYCQFRFAPFEEQKTGMQVIGPKVAPLDVKPIAGVKELSTPLKAPRRFLKRKKENAEKR									
A0A0C5KAW0	unreviewed	A0A0C5KAW0_9VIRU	Uncharacterized protein		ANMV-1 virus	59				MTKIEYIRQQGPDCVVCQDDARKVIPNCDANKLGNTLLNRLGPKYTSREMYKLGFIPEK									
A0A0C5KAW7	unreviewed	A0A0C5KAW7_9VIRU	Uncharacterized protein		ANMV-1 virus	228				MEPVNGHILDIVGDHAAGGVIAFGAAVYRTGAGIVKGCLCTAASTAFMGIAVDDMIEKTIDGFYSQYDEVPLAEIGRCRVWVTPDDDDTSIEAGDYLELAVLGSGNTLPVGVFMEAVAGTPAGTVRTTATLARAMEDVTLTSALKWVKTESGKSVSVGDTTITLTTTKTALFTVGDYILLEDLNGEVQINRVKSKSGAVLTLEIASTVALTGDTDYLHILTQVEAVII									
A0A0C5KAX2	unreviewed	A0A0C5KAX2_9VIRU	Uncharacterized protein		ANMV-1 virus	53				MVVTVDSTNTPLIHIHGTTADVLGYLIAQSVETVQIVGIWNATVGPTNCVFLV									
A0A0C5KAX7	unreviewed	A0A0C5KAX7_9VIRU	Uncharacterized protein		ANMV-1 virus	64				MGGNYNNTDKAGVFNTNINNTPADTNVNISFRAACLNTCFPKGLQKQVHLFKSWSIAPNTKKIR									
A0A0C5KAY2	unreviewed	A0A0C5KAY2_9VIRU	Uncharacterized protein		ANMV-1 virus	120				MAVTYTTAALVKKGTKWLSGDLVDADIEEYIYQAEGIIDAVMKKTGRGLAPDYTFDVGIHGIIRDAATSLALFNCIRYDPGCFPLLEQAEMTENLAYYSALRALALLGDTRIVEYTITLT									
A0A0C5KMH0	unreviewed	A0A0C5KMH0_9VIRU	Tail fiber protein		ANMV-1 virus	384				MEPERSTPMPSIPLLNRLGLARRGRGEERAGPTMPAQAQEPQKVPLLIKAARHFKSLLVQTEPERPETIPTIPELNYPALYTRYPVMKTVTKTTDALGEMSVTYSHSFATIPGVVITVKDPDNVFGTVFSTTLTGFEARMFKIDHDHGGTVDDGGLHTPTINADGEHQHEVTGVINWTEYGKWGRLVTTGNYTEYENNHVHPNPTTGSEAAHTHNNPNTETTANHQHTIPATDGPDDTDVAVNGASWGSDCAVGVCVVSFYTHGFAEDSHFHLNTGKKTGWDGSHYHVQAPTLAGSSHTHTMGDTGQQAGLGHRHPISNDTMYQRYMTSVAITADLWVSAEESPHHAHSGAVVPVHGHVVPSDGRVLLKNTNVTIMYLAQEESS									
A0A0C5KMH5	unreviewed	A0A0C5KMH5_9VIRU	ATP-dependent DNA ligase		ANMV-1 virus	866				MSNEVPRNPVPSSQKKDEDLAPVNPSDTQEGEEITLEQILPFFKSFYKSKPYVSLVGGLANNGRTKGDIDVFIRSNQEDVATEFRIYRMFPDELRNRIHILYPSDDNPGVYTNYIDLFDLKLEGRNVKHVELMSAIDERKGIKLFTFTKLLKPEHGRYKGEVYTIDNLIGILNTKPEWYEKGIYVQKKFDGVHVRCDVQRQEGRGFSVRIWTEEGNDITRKLPTLAAALGEASKGHAMALVGELEFWKDKEHQSRQSTTAIIHTKEVHPEENKVVLNVFDMLFYNKDDIHKKQYSKRLEYLKRIETSEHVKAVETRLAENETDLKNAVKRFAEMPGSEGAYLKRADFPYELDGKTQLNYKYKNTFSIDAKVQDVHEVKGGKSWNYRCSIEDVSGRAVAIGRTYNTGIKLNVGDIVKVEFVNLNKYFDTNQKKVWYNWWSPRVIIARKDRKNPDNIDTADKLVKASHGEDKNRKASLKLDADPYMSTPDEAKTWLGMLHIHGRGKSVHGDLMFQVSKDWTIKWTLYIPKGLSKVPGSYTEFVALVKKEIMPIVEAKLKDPTKRFNCGKSDPKPAEWLDYRGMVQPGEVGATKNEPGFFYIADRFDVEFGAQKPHYHEYFCNGTLFNGRFCVRLLENREEWKRTGEGLMTWMAVAAKDKTPYVISSRAVAKKWIPGFGHSALPKKMKQKVPKNYKYWNYRETSKQREVRDELVKELSKKLVEQDALGPAIYKVFRQTWKGPTVIREGPARTRYYFAICQATRGNVKFALTTQNNPLENKELAGVMYPEATALCELSAKLTDVAPKSKLNTTQDTPSKIELLETGTASILSNTNFRRFRLRDGKLEGTWIAFQREEGSTIWTLKRANPE	DNA recombination [GO:0006310]; DNA repair [GO:0006281]		ATP binding [GO:0005524]; DNA ligase (ATP) activity [GO:0003910]						
A0A0C5KMI2	unreviewed	A0A0C5KMI2_9VIRU	HicB-like antitoxin of toxin-antitoxin system domain-containing protein		ANMV-1 virus	69				MTEGMKKITSKVITVERHFEVVIEQDEDGLYVASIPELKGCHTQAKTLDELTSRLFEAVNLCYDETFKD									
A0A0C5KMI7	unreviewed	A0A0C5KMI7_9VIRU	Uncharacterized protein		ANMV-1 virus	40				MVETRSGYGRKDGSQRGLKAGGRGRNQTSTCRHPETKKKR									
A0A0C5KMJ2	unreviewed	A0A0C5KMJ2_9VIRU	Uncharacterized protein		ANMV-1 virus	140				MNDTKKYDGETLPFTRHGWLRQVKSGSFRNGATWKNIEKVKVLGHGTMGATLEEVHILASLDIDQGGNKTVNTRRGQHFLSLKKGARELAFAVHENTHETGWRVLTYDCSCYRAVETQLEAEKILTTTRWRKWKKKGGRR									
A0A0C5KMJ8	unreviewed	A0A0C5KMJ8_9VIRU	Uncharacterized protein		ANMV-1 virus	57				MTTTENPSPSTIEIVREVYKGSDMTLGEAVTQALQFEQEYPAWNDMIEAKEDLENGR									
A0A0C5KMK5	unreviewed	A0A0C5KMK5_9VIRU	Uncharacterized protein		ANMV-1 virus	99				MTLKGSDNVTITLARTTVAMLRAKKEDLETWDELMLKLGRRQCLEITCAFCGAIIGTGDTNTTLDMLANLNGWDIVYSSREAVLGYMCPACAELHGSAK									
A0A0C5KML0	unreviewed	A0A0C5KML0_9VIRU	Phage gp37/gp68		ANMV-1 virus	220				MNGPNNPILWCDFSWNPIKGLCPEACEYCYARRIYARFKYDPEIRLDEKELLAPYKLKKPARIFCGSTIEMFHQDIHGEWLRQIVQVIEDNPQHIFQFLYHFSPHRGLFPENCWLGLTVTSYVDAAKALKFSKTYPNHIKFISFEPLFGDPKVPDAVFENIDWMIIGAETGNRKGKIKPRKEWIAQLLNAADKWHLPVYMKDNLQPYWYSDYRKEFPKKK									
A0A0C5KML6	unreviewed	A0A0C5KML6_9VIRU	Uncharacterized protein		ANMV-1 virus	65				MSEKVKEIQKYLKSKGIIVAETSIVDMAIDIAQRLGPGRFVFVSEAIYRKEKAEDERERGSQRDD									
A0A0C5KMM1	unreviewed	A0A0C5KMM1_9VIRU	Uncharacterized protein		ANMV-1 virus	129				MSTITFKALIDGVHFDPKKGVVKIQLIAGSHVSIDKLVRLGPGDENITVVLQSPQTEIDVFPLVPDASVGGGPITIDEEGAKKLEEAARKLRDVTDNKEEEPEDDEKWLEHDETLEPEPEAEPEREEGE									
A0A0C5KMM6	unreviewed	A0A0C5KMM6_9VIRU	Uncharacterized protein		ANMV-1 virus	202				MNKELSFACIFSFCLVLAFACVANASFLEVTEDIAIVGNGSFERDFGVQSSPGYDGQKLFESVLPVYSVHGNYATSYRSNFELIMSDNSSIFYESASKLSNSKHYLASKNYKLGVYTGFDFIGAQNKTFSFEASPSLSEAIVSSKAEGRSVLHFRVVNLTDHHIRNVDDVVWMEGNYDIDWNALVLNWDYPEAGDDDWLHCP									
A0A0C5KMN2	unreviewed	A0A0C5KMN2_9VIRU	Tail fiber protein		ANMV-1 virus	273				MDPAPGKVEADRAGWFVRDYFPDGVAPVSKILFDGAGSGTGIDFASTAFTTGIDISGTCVTGISMTNASAVGILVKAGPMGFDITSTIPAGAATNANELNLTDDSTGSSGLARALWINAVVAGDKTGTGEHNSFGIDQHVTGDTPYLYGMTYYSYDTGDPTIGFAAPISIYQDDLGTNIGAYVGIDIGIALSNPPTDRYSFMRFREHSTAVPKSVFRFEGAHCASHLFDVTAGTGMPDFITTEAGATFAGDGIKIAVEYQGTTYYLRACSAFS									
A0A0C5KMN7	unreviewed	A0A0C5KMN7_9VIRU	Uncharacterized protein		ANMV-1 virus	93				MGHAGKIIAKKIFDLKDHEGETIRVHIGLDDRYSIETKPTQKLLVCELEVPEREYTRTKKIVAGETVVESKEKELKLEGVTLKNYLEKGVIKK									
A0A0C5KMP3	unreviewed	A0A0C5KMP3_9VIRU	DUF1640 domain-containing protein		ANMV-1 virus	89				MKHNMPLTEEEERKMYNNVLKTGWTLDQVKERLEKGDETLGDHEDRLVSLEGDQKLLSGKMGMIVLGMSVCFTAALHAVGWILSHFCKS		membrane [GO:0016020]				TRANSMEM 63..83; /note="Helical"; /evidence="ECO:0000256|SAM:Phobius"			
